{"cameraMode":{"drawMode":0,"name":"Shaded","section":"Shading Mode"},"sceneLighting":false,"audioPlay":false,"sceneViewState":{"showFog":true,"showMaterialUpdate":false,"showSkybox":true,"showFlares":true,"showImageEffects":true,"showParticleSystems":true},"in2DMode":false,"pivot":{"x":-0.05504155158996582,"y":1.3392822742462159,"z":-0.061208248138427737},"rotation":{"x":0.043891940265893939,"y":-0.9009858965873718,"z":0.09386877715587616,"w":0.421291708946228},"size":8.111943244934082,"orthographic":false}