{"cameraMode":{"drawMode":0,"name":"Shaded","section":"Shading Mode"},"sceneLighting":false,"audioPlay":false,"sceneViewState":{"showFog":true,"showMaterialUpdate":false,"showSkybox":true,"showFlares":true,"showImageEffects":true,"showParticleSystems":true},"in2DMode":false,"pivot":{"x":0.0,"y":-5.960464477539063e-8,"z":-0.4450000524520874},"rotation":{"x":-0.0012898830464109779,"y":0.9740344882011414,"z":-0.2263280302286148,"w":-0.005551336333155632},"size":2.573206901550293,"orthographic":false}