{"cameraMode":{"drawMode":0,"name":"Shaded","section":"Shading Mode"},"sceneLighting":false,"audioPlay":false,"sceneViewState":{"showFog":true,"showMaterialUpdate":false,"showSkybox":true,"showFlares":true,"showImageEffects":true,"showParticleSystems":true},"in2DMode":false,"pivot":{"x":0.4729859232902527,"y":1.835223913192749,"z":0.006998956203460693},"rotation":{"x":0.043891940265893939,"y":-0.9009858965873718,"z":0.09386877715587616,"w":0.421291708946228},"size":9.380176544189454,"orthographic":false}