{"cameraMode":{"drawMode":0,"name":"Shaded","section":"Shading Mode"},"sceneLighting":false,"audioPlay":false,"sceneViewState":{"showFog":true,"showMaterialUpdate":false,"showSkybox":true,"showFlares":true,"showImageEffects":true,"showParticleSystems":true},"in2DMode":false,"pivot":{"x":964.75341796875,"y":520.6975708007813,"z":-5.717308521270752},"rotation":{"x":-0.0011862863320857287,"y":-0.06296548992395401,"z":-0.00007472126162610948,"w":0.9980150461196899},"size":268.6005554199219,"orthographic":false}