{"cameraMode":{"drawMode":0,"name":"Shaded","section":"Shading Mode"},"sceneLighting":false,"audioPlay":false,"sceneViewState":{"showFog":true,"showMaterialUpdate":false,"showSkybox":true,"showFlares":true,"showImageEffects":true,"showParticleSystems":true},"in2DMode":false,"pivot":{"x":0.6107679009437561,"y":1.385016918182373,"z":-0.006517291069030762},"rotation":{"x":0.043891940265893939,"y":-0.9009858965873718,"z":0.09386877715587616,"w":0.421291708946228},"size":9.16318416595459,"orthographic":false}