{"cameraMode":{"drawMode":0,"name":"Shaded","section":"Shading Mode"},"sceneLighting":false,"audioPlay":false,"sceneViewState":{"showFog":true,"showMaterialUpdate":false,"showSkybox":true,"showFlares":true,"showImageEffects":true,"showParticleSystems":true},"in2DMode":false,"pivot":{"x":-0.014247536659240723,"y":1.0031976699829102,"z":0.16458658874034882},"rotation":{"x":0.043891940265893939,"y":-0.9009858965873718,"z":0.09386877715587616,"w":0.421291708946228},"size":4.104875564575195,"orthographic":false}